{
  "accuracy": 0.88,
  "f1": 0.7619047619047619,
  "roc_auc": 0.9319419237749546
}